time,phase,method,utilization_imbalance,sla_violations,overload_cpu,migrations
0,before,First-Fit,0.33287502148025794,0,0.0,0
0,before,Best-Fit,0.33287502148025794,0,0.0,0
0,before,Predictive Placement,0.33287502148025794,0,0.0,0
1,before,First-Fit,0.33439308965550235,1,0.19215329878559828,0
1,before,Best-Fit,0.33439308965550235,1,0.19215329878559828,0
1,before,Predictive Placement,0.33439308965550235,1,0.19215329878559828,0
2,before,First-Fit,0.32610018453363926,0,0.0,0
2,before,Best-Fit,0.32610018453363926,0,0.0,0
2,before,Predictive Placement,0.32610018453363926,0,0.0,0
3,before,First-Fit,0.32564517935820025,0,0.0,0
3,before,Best-Fit,0.32564517935820025,0,0.0,0
3,before,Predictive Placement,0.32564517935820025,0,0.0,0
4,before,First-Fit,0.3232341465798204,0,0.0,0
4,before,Best-Fit,0.3232341465798204,0,0.0,0
4,before,Predictive Placement,0.3232341465798204,0,0.0,0
5,before,First-Fit,0.3189223324774828,0,0.0,0
5,before,Best-Fit,0.3189223324774828,0,0.0,0
5,before,Predictive Placement,0.3189223324774828,0,0.0,0
6,before,First-Fit,0.31822445257912113,0,0.0,0
6,before,Best-Fit,0.31822445257912113,0,0.0,0
6,before,Predictive Placement,0.31822445257912113,0,0.0,0
7,before,First-Fit,0.31963218653965797,0,0.0,0
7,before,Best-Fit,0.31963218653965797,0,0.0,0
7,before,Predictive Placement,0.31963218653965797,0,0.0,0
8,before,First-Fit,0.32561843792253614,0,0.0,0
8,before,Best-Fit,0.32561843792253614,0,0.0,0
8,before,Predictive Placement,0.32561843792253614,0,0.0,0
9,before,First-Fit,0.3327778120531235,0,0.0,0
9,before,Best-Fit,0.3327778120531235,0,0.0,0
9,before,Predictive Placement,0.3327778120531235,0,0.0,0
10,before,First-Fit,0.3238500936293054,0,0.0,0
10,before,Best-Fit,0.3238500936293054,0,0.0,0
10,before,Predictive Placement,0.3238500936293054,0,0.0,0
11,before,First-Fit,0.33526227380014384,1,0.7055912021263921,0
11,before,Best-Fit,0.33526227380014384,1,0.7055912021263921,0
11,before,Predictive Placement,0.33526227380014384,1,0.7055912021263921,0
12,before,First-Fit,0.32926867258584525,0,0.0,0
12,before,Best-Fit,0.32926867258584525,0,0.0,0
12,before,Predictive Placement,0.32926867258584525,0,0.0,0
13,before,First-Fit,0.3259491725980289,0,0.0,0
13,before,Best-Fit,0.3259491725980289,0,0.0,0
13,before,Predictive Placement,0.3259491725980289,0,0.0,0
14,before,First-Fit,0.3264689614203505,0,0.0,0
14,before,Best-Fit,0.3264689614203505,0,0.0,0
14,before,Predictive Placement,0.3264689614203505,0,0.0,0
15,before,First-Fit,0.3186410418956984,0,0.0,0
15,before,Best-Fit,0.3186410418956984,0,0.0,0
15,before,Predictive Placement,0.3186410418956984,0,0.0,0
16,before,First-Fit,0.3182367363039447,0,0.0,0
16,before,Best-Fit,0.3182367363039447,0,0.0,0
16,before,Predictive Placement,0.3182367363039447,0,0.0,0
17,before,First-Fit,0.3237829289588928,0,0.0,0
17,before,Best-Fit,0.3237829289588928,0,0.0,0
17,before,Predictive Placement,0.3237829289588928,0,0.0,0
18,before,First-Fit,0.32358548335192716,0,0.0,0
18,before,Best-Fit,0.32358548335192716,0,0.0,0
18,before,Predictive Placement,0.32358548335192716,0,0.0,0
19,before,First-Fit,0.3249552219431711,0,0.0,0
19,before,Best-Fit,0.3249552219431711,0,0.0,0
19,before,Predictive Placement,0.3249552219431711,0,0.0,0
20,before,First-Fit,0.3285749487775862,0,0.0,0
20,before,Best-Fit,0.3285749487775862,0,0.0,0
20,before,Predictive Placement,0.3285749487775862,0,0.0,0
21,before,First-Fit,0.33273986111448944,1,0.02821228535035658,0
21,before,Best-Fit,0.33273986111448944,1,0.02821228535035658,0
21,before,Predictive Placement,0.33273986111448944,1,0.02821228535035658,0
22,before,First-Fit,0.32401783594695616,0,0.0,0
22,before,Best-Fit,0.32401783594695616,0,0.0,0
22,before,Predictive Placement,0.1944405759813908,0,0.0,1
23,before,First-Fit,0.3254649407644083,0,0.0,0
23,before,Best-Fit,0.3254649407644083,0,0.0,0
23,before,Predictive Placement,0.1887595345278334,0,0.0,0
24,before,First-Fit,0.3151416763785318,0,0.0,0
24,before,Best-Fit,0.3151416763785318,0,0.0,0
24,before,Predictive Placement,0.19296690375928835,0,0.0,0
25,after,First-Fit,0.328652683124923,0,0.0,0
25,after,Best-Fit,0.328652683124923,0,0.0,0
25,after,Predictive Placement,0.21798213200793462,0,0.0,0
26,after,First-Fit,0.35375280908782475,1,1.9228442946421467,0
26,after,Best-Fit,0.35375280908782475,1,1.9228442946421467,0
26,after,Predictive Placement,0.23231272079567236,0,0.0,0
27,after,First-Fit,0.36771592957613103,1,4.0004623626089,0
27,after,Best-Fit,0.36771592957613103,1,4.0004623626089,0
27,after,Predictive Placement,0.25213945471325927,0,0.0,0
28,after,First-Fit,0.3900136460413847,3,10.550485247235137,0
28,after,Best-Fit,0.3900136460413847,3,10.550485247235137,0
28,after,Predictive Placement,0.17210638746741289,1,2.3088191343249562,1
29,after,First-Fit,0.4216994720086176,4,25.41271509029714,0
29,after,Best-Fit,0.4216994720086176,4,25.41271509029714,0
29,after,Predictive Placement,0.14814222250940157,1,1.7802628282316277,1
30,after,First-Fit,0.44249403211744454,4,36.13498858016706,0
30,after,Best-Fit,0.44249403211744454,4,36.13498858016706,0
30,after,Predictive Placement,0.12443680301067916,1,2.029737879968181,1
31,after,First-Fit,0.45860870893451433,4,42.930906933165915,0
31,after,Best-Fit,0.45860870893451433,4,42.930906933165915,0
31,after,Predictive Placement,0.1293459510993569,2,6.836449421969505,0
32,after,First-Fit,0.4770756237894181,4,56.55874430370385,0
32,after,Best-Fit,0.4770756237894181,4,56.55874430370385,0
32,after,Predictive Placement,0.12334968220101217,2,10.981391154790927,0
33,after,First-Fit,0.4687345983775898,4,52.066861322381484,0
33,after,Best-Fit,0.4687345983775898,4,52.066861322381484,0
33,after,Predictive Placement,0.11565605397507041,2,7.987649341849668,0
34,after,First-Fit,0.459012819281981,4,48.93972226357981,0
34,after,Best-Fit,0.459012819281981,4,48.93972226357981,0
34,after,Predictive Placement,0.1072569670435511,3,4.88406028184464,0
35,after,First-Fit,0.4606449424448884,4,48.58690882694479,0
35,after,Best-Fit,0.4606449424448884,4,48.58690882694479,0
35,after,Predictive Placement,0.11438969810048527,3,5.004407708122933,0
36,after,First-Fit,0.45506823962835313,4,48.65732699566132,0
36,after,Best-Fit,0.45506823962835313,4,48.65732699566132,0
36,after,Predictive Placement,0.11524535192172866,3,5.556466644455696,0
37,after,First-Fit,0.46535220105757913,4,53.28103067457225,0
37,after,Best-Fit,0.46535220105757913,4,53.28103067457225,0
37,after,Predictive Placement,0.11831917387397936,3,8.102616680500205,0
38,after,First-Fit,0.4605327315539331,4,50.502074156563054,0
38,after,Best-Fit,0.4605327315539331,4,50.502074156563054,0
38,after,Predictive Placement,0.1312388362289563,3,8.72287585485374,0
39,after,First-Fit,0.47623449005586893,4,57.4521749520658,0
39,after,Best-Fit,0.47623449005586893,4,57.4521749520658,0
39,after,Predictive Placement,0.14054253192640348,3,13.08697860554652,0
40,after,First-Fit,0.48165260828973977,4,58.41619731487755,0
40,after,Best-Fit,0.48165260828973977,4,58.41619731487755,0
40,after,Predictive Placement,0.1320469131200585,3,12.400457126364131,0
41,after,First-Fit,0.46959916266518686,4,52.024092270193975,0
41,after,Best-Fit,0.46959916266518686,4,52.024092270193975,0
41,after,Predictive Placement,0.1281911581564944,2,9.296487601865977,0
42,after,First-Fit,0.4735659071867612,4,53.13932409698853,0
42,after,Best-Fit,0.4735659071867612,4,53.13932409698853,0
42,after,Predictive Placement,0.11131944723465036,2,8.118012049252052,0
43,after,First-Fit,0.4639400868380377,4,49.022992045964926,0
43,after,Best-Fit,0.4639400868380377,4,49.022992045964926,0
43,after,Predictive Placement,0.10289453314837593,2,4.736646574141567,0
44,after,First-Fit,0.4601988458214414,4,46.187932043175934,0
44,after,Best-Fit,0.4601988458214414,4,46.187932043175934,0
44,after,Predictive Placement,0.11300931252062447,2,4.5850727507506335,0
45,after,First-Fit,0.4566208597234006,4,48.92618328349886,0
45,after,Best-Fit,0.4566208597234006,4,48.92618328349886,0
45,after,Predictive Placement,0.104156505951667,3,3.6343316457116543,0
46,after,First-Fit,0.46204924538647396,4,51.27005259781127,0
46,after,Best-Fit,0.46204924538647396,4,51.27005259781127,0
46,after,Predictive Placement,0.11567281403902525,3,5.788071308796944,0
47,after,First-Fit,0.4629789637804898,4,51.37114252508482,0
47,after,Best-Fit,0.4629789637804898,4,51.37114252508482,0
47,after,Predictive Placement,0.12464352139133722,3,7.881746687644835,0
48,after,First-Fit,0.47617598194492783,4,58.04747952418508,0
48,after,Best-Fit,0.47617598194492783,4,58.04747952418508,0
48,after,Predictive Placement,0.1413598820450464,3,14.460190781863695,0
49,after,First-Fit,0.4698528891107134,4,54.89814575103854,0
49,after,Best-Fit,0.4698528891107134,4,54.89814575103854,0
49,after,Predictive Placement,0.1318448166058276,3,11.41808753728261,0
